report_date,commodity,mmoney_net,futures_close
2020-01-07,CORN,-85507,3.845
2020-01-07,SOYBEAN MEAL,-27267,296.4
2020-01-07,SOYBEAN OIL,107938,0.3446
2020-01-07,SOYBEANS,-2851,9.35
2020-01-07,WHEAT-SRW,22261,5.5025
2020-01-14,CORN,-79140,3.89
2020-01-14,SOYBEAN MEAL,-30398,297.2
2020-01-14,SOYBEAN OIL,110316,0.3365
2020-01-14,SOYBEANS,3185,9.285
2020-01-14,WHEAT-SRW,26857,5.685
2020-01-21,CORN,-65890,3.875
2020-01-21,SOYBEAN MEAL,-36024,299.1
2020-01-21,SOYBEAN OIL,99872,0.3275
2020-01-21,SOYBEANS,-19341,9.16
2020-01-21,WHEAT-SRW,39286,5.815
2020-01-28,CORN,-25390,3.865
2020-01-28,SOYBEAN MEAL,-38245,297.6
2020-01-28,SOYBEAN OIL,96315,0.3146
2020-01-28,SOYBEANS,-55446,8.95
2020-01-28,WHEAT-SRW,41817,5.6975
2020-02-04,CORN,-52045,3.8225
2020-02-04,SOYBEAN MEAL,-63213,288.5
2020-02-04,SOYBEAN OIL,67790,0.3073
2020-02-04,SOYBEANS,-86996,8.795
2020-02-04,WHEAT-SRW,45607,5.5725
2020-02-11,CORN,-69101,3.7975
2020-02-11,SOYBEAN MEAL,-67140,290.8
2020-02-11,SOYBEAN OIL,52424,0.3072
2020-02-11,SOYBEANS,-97412,8.8475
2020-02-11,WHEAT-SRW,39482,5.42
2020-02-18,CORN,-56855,3.83
2020-02-18,SOYBEAN MEAL,-71507,292.2
2020-02-18,SOYBEAN OIL,39656,0.3048
2020-02-18,SOYBEANS,-95975,8.9225
2020-02-18,WHEAT-SRW,59262,5.6675
2020-02-25,CORN,-88157,3.725
2020-02-25,SOYBEAN MEAL,-75873,286.5
2020-02-25,SOYBEAN OIL,23565,0.2923
2020-02-25,SOYBEANS,-75736,8.79
2020-02-25,WHEAT-SRW,43319,5.39
2020-03-03,CORN,-77179,3.8175
2020-03-03,SOYBEAN MEAL,-16545,303.8
2020-03-03,SOYBEAN OIL,15890,0.2884
2020-03-03,SOYBEANS,-34988,8.93
2020-03-03,WHEAT-SRW,17096,5.2875
2020-03-10,CORN,-52348,3.8
2020-03-10,SOYBEAN MEAL,-1198,295.9
2020-03-10,SOYBEAN OIL,11832,0.2744
2020-03-10,SOYBEANS,-27535,8.73
2020-03-10,WHEAT-SRW,18196,5.2675
2020-03-17,CORN,-93839,3.44
2020-03-17,SOYBEAN MEAL,16813,298.3
2020-03-17,SOYBEAN OIL,2118,0.2524
2020-03-17,SOYBEANS,-33116,8.2425
2020-03-17,WHEAT-SRW,-3798,4.9925
2020-03-24,CORN,-112225,3.4725
2020-03-24,SOYBEAN MEAL,40171,332.1
2020-03-24,SOYBEAN OIL,-453,0.2655
2020-03-24,SOYBEANS,-4715,8.8675
2020-03-24,WHEAT-SRW,20143,5.615
2020-03-31,CORN,-99925,3.4075
2020-03-31,SOYBEAN MEAL,49567,321.5
2020-03-31,SOYBEAN OIL,-5015,0.2701
2020-03-31,SOYBEANS,22906,8.86
2020-03-31,WHEAT-SRW,36756,5.6875
2020-04-07,CORN,-110220,3.315
2020-04-07,SOYBEAN MEAL,31477,293.8
2020-04-07,SOYBEAN OIL,2979,0.2748
2020-04-07,SOYBEANS,17007,8.5475
2020-04-07,WHEAT-SRW,27270,5.4925
2020-04-14,CORN,-137294,3.26
2020-04-14,SOYBEAN MEAL,5725,287.5
2020-04-14,SOYBEAN OIL,-1699,0.2674
2020-04-14,SOYBEANS,11447,8.47
2020-04-14,WHEAT-SRW,25786,5.4875
2020-04-21,CORN,-160025,3.0925
2020-04-21,SOYBEAN MEAL,19,289.1
2020-04-21,SOYBEAN OIL,-10910,0.2535
2020-04-21,SOYBEANS,-4868,8.3075
2020-04-21,WHEAT-SRW,24186,5.4675
2020-04-28,CORN,-160645,3.0275
2020-04-28,SOYBEAN MEAL,-7166,281.8
2020-04-28,SOYBEAN OIL,-11002,0.253
2020-04-28,SOYBEANS,6378,8.26
2020-04-28,WHEAT-SRW,17102,5.2675
2020-05-05,CORN,-189741,3.13
2020-05-05,SOYBEAN MEAL,-10966,284.8
2020-05-05,SOYBEAN OIL,-5789,0.2597
2020-05-05,SOYBEANS,9486,8.3825
2020-05-05,WHEAT-SRW,6295,5.255
2020-05-12,CORN,-214679,3.2375
2020-05-12,SOYBEAN MEAL,-10607,288.6
2020-05-12,SOYBEAN OIL,-6780,0.2598
2020-05-12,SOYBEANS,31037,8.4925
2020-05-12,WHEAT-SRW,6215,5.2175
2020-05-19,CORN,-246059,3.2125
2020-05-19,SOYBEAN MEAL,-28491,284.6
2020-05-19,SOYBEAN OIL,3790,0.2709
2020-05-19,SOYBEANS,11985,8.425
2020-05-19,WHEAT-SRW,-11390,4.9875
2020-05-26,CORN,-277038,3.19
2020-05-26,SOYBEAN MEAL,-41019,283.9
2020-05-26,SOYBEAN OIL,4457,0.2727
2020-05-26,SOYBEANS,7014,8.47
2020-05-26,WHEAT-SRW,-8475,5.0675
2020-06-02,CORN,-286207,3.2425
2020-06-02,SOYBEAN MEAL,-49961,283.7
2020-06-02,SOYBEAN OIL,11568,0.2794
2020-06-02,SOYBEANS,7134,8.505
2020-06-02,WHEAT-SRW,-9812,5.08
2020-06-09,CORN,-301873,3.275
2020-06-09,SOYBEAN MEAL,-52602,287.1
2020-06-09,SOYBEAN OIL,201,0.2823
2020-06-09,SOYBEANS,19132,8.6325
2020-06-09,WHEAT-SRW,-22128,5.045
2020-06-16,CORN,-277603,3.29
2020-06-16,SOYBEAN MEAL,-47844,287.9
2020-06-16,SOYBEAN OIL,-4207,0.2799
2020-06-16,SOYBEANS,19879,8.67
2020-06-16,WHEAT-SRW,-26663,4.96
2020-06-23,CORN,-285942,3.25
2020-06-23,SOYBEAN MEAL,-45204,286.3
2020-06-23,SOYBEAN OIL,-525,0.2817
2020-06-23,SOYBEANS,43028,8.75
2020-06-23,WHEAT-SRW,-45176,4.86
2020-06-30,CORN,-211668,3.385
2020-06-30,SOYBEAN MEAL,-51901,286.3
2020-06-30,SOYBEAN OIL,783,0.2798
2020-06-30,SOYBEANS,63366,8.8425
2020-06-30,WHEAT-SRW,-37611,4.9
2020-07-07,CORN,-150338,3.45
2020-07-07,SOYBEAN MEAL,-21768,293.3
2020-07-07,SOYBEAN OIL,19108,0.2876
2020-07-07,SOYBEANS,90618,8.9525
2020-07-07,WHEAT-SRW,-32370,4.9225
2020-07-14,CORN,-148786,3.3475
2020-07-14,SOYBEAN MEAL,-29705,283.7
2020-07-14,SOYBEAN OIL,10393,0.2848
2020-07-14,SOYBEANS,63678,8.8225
2020-07-14,WHEAT-SRW,-6517,5.2475
2020-07-21,CORN,-155676,3.2275
2020-07-21,SOYBEAN MEAL,-28332,285.6
2020-07-21,SOYBEAN OIL,38020,0.3007
2020-07-21,SOYBEANS,73109,8.965
2020-07-21,WHEAT-SRW,2628,5.2775
2020-07-28,CORN,-158282,3.2
2020-07-28,SOYBEAN MEAL,-18819,288.9
2020-07-28,SOYBEAN OIL,37833,0.2942
2020-07-28,SOYBEANS,59192,8.9675
2020-07-28,WHEAT-SRW,825,5.235
2020-08-04,CORN,-194097,3.0825
2020-08-04,SOYBEAN MEAL,-19858,283.7
2020-08-04,SOYBEAN OIL,49091,0.3153
2020-08-04,SOYBEANS,43651,8.8375
2020-08-04,WHEAT-SRW,-976,5.0825
2020-08-11,CORN,-192787,3.115
2020-08-11,SOYBEAN MEAL,-28041,282.0
2020-08-11,SOYBEAN OIL,52964,0.3106
2020-08-11,SOYBEANS,28272,8.78
2020-08-11,WHEAT-SRW,-18701,4.95
2020-08-18,CORN,-128111,3.27
2020-08-18,SOYBEAN MEAL,11031,296.2
2020-08-18,SOYBEAN OIL,58509,0.3158
2020-08-18,SOYBEANS,106394,9.12
2020-08-18,WHEAT-SRW,-15149,5.075
2020-08-25,CORN,-71166,3.4075
2020-08-25,SOYBEAN MEAL,2886,291.6
2020-08-25,SOYBEAN OIL,67808,0.3198
2020-08-25,SOYBEANS,104276,9.1375
2020-08-25,WHEAT-SRW,1331,5.2725
2020-09-01,CORN,8361,3.495
2020-09-01,SOYBEAN MEAL,14514,302.8
2020-09-01,SOYBEAN OIL,82077,0.3312
2020-09-01,SOYBEANS,157149,9.55
2020-09-01,WHEAT-SRW,32151,5.5575
2020-09-08,CORN,23890,3.51
2020-09-08,SOYBEAN MEAL,30337,307.2
2020-09-08,SOYBEAN OIL,85542,0.3357
2020-09-08,SOYBEANS,171268,9.73
2020-09-08,WHEAT-SRW,22069,5.3325
2020-09-15,CORN,46195,3.66
2020-09-15,SOYBEAN MEAL,42149,314.3
2020-09-15,SOYBEAN OIL,95107,0.3408
2020-09-15,SOYBEANS,189973,9.915
2020-09-15,WHEAT-SRW,13950,5.3825
2020-09-22,CORN,81815,3.6925
2020-09-22,SOYBEAN MEAL,63339,337.3
2020-09-22,SOYBEAN OIL,102128,0.3367
2020-09-22,SOYBEANS,211590,10.1975
2020-09-22,WHEAT-SRW,13234,5.58
2020-09-29,CORN,84748,3.6475
2020-09-29,SOYBEAN MEAL,71218,327.3
2020-09-29,SOYBEAN OIL,93947,0.3287
2020-09-29,SOYBEANS,224902,9.93
2020-09-29,WHEAT-SRW,10219,5.495
2020-10-06,CORN,117284,3.85
2020-10-06,SOYBEAN MEAL,75733,354.3
2020-10-06,SOYBEAN OIL,81037,0.3329
2020-10-06,SOYBEANS,230746,10.44
2020-10-06,WHEAT-SRW,28097,5.9275
2020-10-13,CORN,156928,3.9125
2020-10-13,SOYBEAN MEAL,75961,358.5
2020-10-13,SOYBEAN OIL,82366,0.3372
2020-10-13,SOYBEANS,219379,10.44
2020-10-13,WHEAT-SRW,40221,5.94
2020-10-20,CORN,211575,4.0875
2020-10-20,SOYBEAN MEAL,80696,371.9
2020-10-20,SOYBEAN OIL,81987,0.3331
2020-10-20,SOYBEANS,227647,10.64
2020-10-20,WHEAT-SRW,51848,6.32
2020-10-27,CORN,258738,4.16
2020-10-27,SOYBEAN MEAL,82994,384.0
2020-10-27,SOYBEAN OIL,93930,0.3411
2020-10-27,SOYBEANS,223913,10.8225
2020-10-27,WHEAT-SRW,46390,6.1575
2020-11-03,CORN,270396,4.01
2020-11-03,SOYBEAN MEAL,83816,377.2
2020-11-03,SOYBEAN OIL,88460,0.3378
2020-11-03,SOYBEANS,204276,10.59
2020-11-03,WHEAT-SRW,47207,6.08
2020-11-10,CORN,268825,4.23
2020-11-10,SOYBEAN MEAL,82571,394.8
2020-11-10,SOYBEAN OIL,95993,0.3606
2020-11-10,SOYBEANS,211980,11.3825
2020-11-10,WHEAT-SRW,31513,6.085
2020-11-17,CORN,268110,4.2025
2020-11-17,SOYBEAN MEAL,77189,395.8
2020-11-17,SOYBEAN OIL,103036,0.375
2020-11-17,SOYBEANS,200123,11.6975
2020-11-17,WHEAT-SRW,13479,5.9525
2020-11-24,CORN,266560,4.2575
2020-11-24,SOYBEAN MEAL,70620,398.3
2020-11-24,SOYBEAN OIL,103031,0.3806
2020-11-24,SOYBEANS,195011,11.9125
2020-11-24,WHEAT-SRW,12798,6.1125
2020-12-01,CORN,251099,4.1475
2020-12-01,SOYBEAN MEAL,70031,393.5
2020-12-01,SOYBEAN OIL,102472,0.374
2020-12-01,SOYBEANS,189217,11.62
2020-12-01,WHEAT-SRW,-9733,5.655
2020-12-08,CORN,247595,4.17
2020-12-08,SOYBEAN MEAL,62456,381.7
2020-12-08,SOYBEAN OIL,86703,0.3828
2020-12-08,SOYBEANS,177836,11.4575
2020-12-08,WHEAT-SRW,-12021,5.6375
2020-12-15,CORN,228307,4.2475
2020-12-15,SOYBEAN MEAL,76982,388.2
2020-12-15,SOYBEAN OIL,94974,0.3919
2020-12-15,SOYBEANS,180770,11.8425
2020-12-15,WHEAT-SRW,2429,5.9975
2020-12-21,CORN,247108,4.4
2020-12-21,SOYBEAN MEAL,82949,412.3
2020-12-21,SOYBEAN OIL,99692,0.3996
2020-12-21,SOYBEANS,178352,12.4325
2020-12-21,WHEAT-SRW,2474,6.1125
2020-12-29,CORN,309163,4.66
2020-12-29,SOYBEAN MEAL,88907,427.0
2020-12-29,SOYBEAN OIL,110288,0.4248
2020-12-29,SOYBEANS,179606,12.955
2020-12-29,WHEAT-SRW,9615,6.185
2021-01-05,CORN,328208,4.9175
2021-01-05,SOYBEAN MEAL,83882,435.4
2021-01-05,SOYBEAN OIL,109158,0.4436
2021-01-05,SOYBEANS,159446,13.5
2021-01-05,WHEAT-SRW,21726,6.54
2021-01-12,CORN,360184,5.1725
2021-01-12,SOYBEAN MEAL,84001,471.2
2021-01-12,SOYBEAN OIL,90790,0.4313
2021-01-12,SOYBEANS,150541,14.22
2021-01-12,WHEAT-SRW,11379,6.65
2021-01-19,CORN,336087,5.26
2021-01-19,SOYBEAN MEAL,77274,450.5
2021-01-19,SOYBEAN OIL,88583,0.417
2021-01-19,SOYBEANS,137496,13.8575
2021-01-19,WHEAT-SRW,13672,6.7225
2021-01-26,CORN,341178,5.3225
2021-01-26,SOYBEAN MEAL,74318,436.5
2021-01-26,SOYBEAN OIL,103569,0.4391
2021-01-26,SOYBEANS,148111,13.7025
2021-01-26,WHEAT-SRW,14400,6.6525
2021-02-02,CORN,322309,5.43
2021-02-02,SOYBEAN MEAL,67286,428.0
2021-02-02,SOYBEAN OIL,101953,0.4432
2021-02-02,SOYBEANS,148247,13.5475
2021-02-02,WHEAT-SRW,13440,6.4475
2021-02-09,CORN,340376,5.5625
2021-02-09,SOYBEAN MEAL,69127,438.7
2021-02-09,SOYBEAN OIL,105190,0.4652
2021-02-09,SOYBEANS,159544,14.0175
2021-02-09,WHEAT-SRW,13240,6.495
2021-02-16,CORN,348491,5.5225
2021-02-16,SOYBEAN MEAL,68814,428.4
2021-02-16,SOYBEAN OIL,106230,0.4727
2021-02-16,SOYBEANS,149633,13.8475
2021-02-16,WHEAT-SRW,15389,6.575
2021-02-23,CORN,345060,5.5375
2021-02-23,SOYBEAN MEAL,68904,426.5
2021-02-23,SOYBEAN OIL,110373,0.4926
2021-02-23,SOYBEANS,159915,14.06
2021-02-23,WHEAT-SRW,20461,6.6575
2021-03-02,CORN,330839,5.6075
2021-03-02,SOYBEAN MEAL,64478,423.3
2021-03-02,SOYBEAN OIL,106092,0.5127
2021-03-02,SOYBEANS,143329,14.14
2021-03-02,WHEAT-SRW,25360,6.6325
2021-03-09,CORN,338982,5.62
2021-03-09,SOYBEAN MEAL,63326,419.2
2021-03-09,SOYBEAN OIL,98023,0.5515
2021-03-09,SOYBEANS,146538,14.4125
2021-03-09,WHEAT-SRW,22276,6.565
2021-03-16,CORN,360786,5.5425
2021-03-16,SOYBEAN MEAL,60456,406.1
2021-03-16,SOYBEAN OIL,96496,0.5509
2021-03-16,SOYBEANS,145202,14.2325
2021-03-16,WHEAT-SRW,12171,6.47
2021-03-23,CORN,379509,5.5125
2021-03-23,SOYBEAN MEAL,56799,398.8
2021-03-23,SOYBEAN OIL,92176,0.5702
2021-03-23,SOYBEANS,151572,14.2325
2021-03-23,WHEAT-SRW,2718,6.3475
2021-03-30,CORN,387698,5.3925
2021-03-30,SOYBEAN MEAL,57423,398.2
2021-03-30,SOYBEAN OIL,79407,0.5046
2021-03-30,SOYBEANS,133775,13.6675
2021-03-30,WHEAT-SRW,-19105,6.0175
2021-04-06,CORN,379642,5.5425
2021-04-06,SOYBEAN MEAL,60413,406.4
2021-04-06,SOYBEAN OIL,74806,0.5392
2021-04-06,SOYBEANS,141143,14.1875
2021-04-06,WHEAT-SRW,-12008,6.155
2021-04-13,CORN,397231,5.8
2021-04-13,SOYBEAN MEAL,42841,395.0
2021-04-13,SOYBEAN OIL,79201,0.5303
2021-04-13,SOYBEANS,130313,13.895
2021-04-13,WHEAT-SRW,-19163,6.2975
2021-04-20,CORN,380083,6.065
2021-04-20,SOYBEAN MEAL,47174,410.4
2021-04-20,SOYBEAN OIL,87230,0.5832
2021-04-20,SOYBEANS,160094,14.72
2021-04-20,WHEAT-SRW,-3697,6.5975
2021-04-27,CORN,362238,6.955
2021-04-27,SOYBEAN MEAL,52863,425.5
2021-04-27,SOYBEAN OIL,88902,0.6645
2021-04-27,SOYBEANS,168851,15.4975
2021-04-27,WHEAT-SRW,7210,7.3375
2021-05-04,CORN,355499,7.4475
2021-05-04,SOYBEAN MEAL,53016,423.5
2021-05-04,SOYBEAN OIL,83611,0.6795
2021-05-04,SOYBEANS,162975,15.77
2021-05-04,WHEAT-SRW,3981,7.37
2021-05-11,CORN,311523,7.595
2021-05-11,SOYBEAN MEAL,68537,449.5
2021-05-11,SOYBEAN OIL,82277,0.6706
2021-05-11,SOYBEANS,167128,16.375
2021-05-11,WHEAT-SRW,6084,7.5975
2021-05-18,CORN,294370,6.5825
2021-05-18,SOYBEAN MEAL,49867,410.8
2021-05-18,SOYBEAN OIL,79948,0.6867
2021-05-18,SOYBEANS,144594,15.7425
2021-05-18,WHEAT-SRW,7180,6.98
2021-05-25,CORN,268751,6.2025
2021-05-25,SOYBEAN MEAL,24548,386.3
2021-05-25,SOYBEAN OIL,83947,0.6669
2021-05-25,SOYBEANS,133657,15.1175
2021-05-25,WHEAT-SRW,-2534,6.565
2021-06-01,CORN,290100,6.8875
2021-06-01,SOYBEAN MEAL,20355,398.7
2021-06-01,SOYBEAN OIL,85029,0.6739
2021-06-01,SOYBEANS,129921,15.485
2021-06-01,WHEAT-SRW,-4777,6.935
2021-06-08,CORN,277553,6.8
2021-06-08,SOYBEAN MEAL,25993,389.8
2021-06-08,SOYBEAN OIL,80339,0.7208
2021-06-08,SOYBEANS,129885,15.8
2021-06-08,WHEAT-SRW,-9275,6.85
2021-06-15,CORN,254907,6.675
2021-06-15,SOYBEAN MEAL,18271,372.4
2021-06-15,SOYBEAN OIL,67293,0.6557
2021-06-15,SOYBEANS,102242,14.6575
2021-06-15,WHEAT-SRW,-16207,6.615
2021-06-22,CORN,242811,6.5975
2021-06-22,SOYBEAN MEAL,19521,363.3
2021-06-22,SOYBEAN OIL,51826,0.6067
2021-06-22,SOYBEANS,80318,13.945
2021-06-22,WHEAT-SRW,-5001,6.51
2021-06-29,CORN,238478,6.945
2021-06-29,SOYBEAN MEAL,15979,348.4
2021-06-29,SOYBEAN OIL,47725,0.6415
2021-06-29,SOYBEANS,71720,13.5975
2021-06-29,WHEAT-SRW,-1439,6.3975
2021-07-06,CORN,217410,6.56
2021-07-06,SOYBEAN MEAL,21057,355.0
2021-07-06,SOYBEAN OIL,48023,0.6383
2021-07-06,SOYBEANS,77301,13.6375
2021-07-06,WHEAT-SRW,-16363,6.2
2021-07-13,CORN,204888,6.77
2021-07-13,SOYBEAN MEAL,16822,355.1
2021-07-13,SOYBEAN OIL,48594,0.6663
2021-07-13,SOYBEANS,76561,14.38
2021-07-13,WHEAT-SRW,-26265,6.2875
2021-07-20,CORN,218563,5.7175
2021-07-20,SOYBEAN MEAL,21515,365.5
2021-07-20,SOYBEAN OIL,57107,0.6702
2021-07-20,SOYBEANS,88621,14.435
2021-07-20,WHEAT-SRW,-5559,7.005
2021-07-27,CORN,225949,5.4875
2021-07-27,SOYBEAN MEAL,22147,358.8
2021-07-27,SOYBEAN OIL,61531,0.6626
2021-07-27,SOYBEANS,87944,14.1825
2021-07-27,WHEAT-SRW,179,6.745
2021-08-03,CORN,242677,5.505
2021-08-03,SOYBEAN MEAL,18151,347.8
2021-08-03,SOYBEAN OIL,65017,0.6327
2021-08-03,SOYBEANS,73003,13.9225
2021-08-03,WHEAT-SRW,12444,7.245
2021-08-10,CORN,246471,5.4925
2021-08-10,SOYBEAN MEAL,25230,360.3
2021-08-10,SOYBEAN OIL,64080,0.6541
2021-08-10,SOYBEANS,86908,14.475
2021-08-10,WHEAT-SRW,16905,7.27
2021-08-17,CORN,269082,5.5825
2021-08-17,SOYBEAN MEAL,27706,360.1
2021-08-17,SOYBEAN OIL,69439,0.6254
2021-08-17,SOYBEANS,93706,13.69
2021-08-17,WHEAT-SRW,22093,7.345
2021-08-24,CORN,257883,5.445
2021-08-24,SOYBEAN MEAL,20852,354.9
2021-08-24,SOYBEAN OIL,67173,0.6109
2021-08-24,SOYBEANS,78569,13.37
2021-08-24,WHEAT-SRW,8297,7.18
2021-08-31,CORN,245750,5.34
2021-08-31,SOYBEAN MEAL,11978,346.4
2021-08-31,SOYBEAN OIL,55446,0.5936
2021-08-31,SOYBEANS,65817,12.9875
2021-08-31,WHEAT-SRW,7951,7.0675
2021-09-07,CORN,202202,4.9575
2021-09-07,SOYBEAN MEAL,-7647,337.3
2021-09-07,SOYBEAN OIL,53803,0.5776
2021-09-07,SOYBEANS,54300,12.6875
2021-09-07,WHEAT-SRW,2292,7.0875
2021-09-14,CORN,197757,5.03
2021-09-14,SOYBEAN MEAL,-16505,341.2
2021-09-14,SOYBEAN OIL,47878,0.5668
2021-09-14,SOYBEANS,50444,12.765
2021-09-14,WHEAT-SRW,-10131,6.85
2021-09-21,CORN,199943,5.17
2021-09-21,SOYBEAN MEAL,-18792,337.9
2021-09-21,SOYBEAN OIL,39569,0.5532
2021-09-21,SOYBEANS,45561,12.74
2021-09-21,WHEAT-SRW,-9828,6.9025
2021-09-28,CORN,235044,5.325
2021-09-28,SOYBEAN MEAL,-15044,337.3
2021-09-28,SOYBEAN OIL,47624,0.5777
2021-09-28,SOYBEANS,57142,12.77
2021-09-28,WHEAT-SRW,-12900,7.065
2021-10-05,CORN,243597,5.375
2021-10-05,SOYBEAN MEAL,-31889,320.2
2021-10-05,SOYBEAN OIL,74476,0.6089
2021-10-05,SOYBEANS,47145,12.505
2021-10-05,WHEAT-SRW,4581,7.4475
2021-10-12,CORN,218239,5.225
2021-10-12,SOYBEAN MEAL,-40193,312.9
2021-10-12,SOYBEAN OIL,72854,0.5862
2021-10-12,SOYBEANS,24208,11.9825
2021-10-12,WHEAT-SRW,-9980,7.34
2021-10-19,CORN,211654,5.3025
2021-10-19,SOYBEAN MEAL,-32322,322.6
2021-10-19,SOYBEAN OIL,80994,0.6239
2021-10-19,SOYBEANS,15274,12.28
2021-10-19,WHEAT-SRW,-19498,7.36
2021-10-26,CORN,235207,5.435
2021-10-26,SOYBEAN MEAL,-14960,326.9
2021-10-26,SOYBEAN OIL,84666,0.6231
2021-10-26,SOYBEANS,24760,12.38
2021-10-26,WHEAT-SRW,-11571,7.5225
2021-11-02,CORN,318824,5.73
2021-11-02,SOYBEAN MEAL,-6441,337.2
2021-11-02,SOYBEAN OIL,88203,0.6199
2021-11-02,SOYBEANS,43008,12.44
2021-11-02,WHEAT-SRW,4612,7.915
2021-11-09,CORN,311637,5.5475
2021-11-09,SOYBEAN MEAL,9096,342.5
2021-11-09,SOYBEAN OIL,72762,0.5847
2021-11-09,SOYBEANS,9222,11.995
2021-11-09,WHEAT-SRW,1726,7.785
2021-11-16,CORN,335273,5.71
2021-11-16,SOYBEAN MEAL,37555,367.5
2021-11-16,SOYBEAN OIL,76118,0.5917
2021-11-16,SOYBEANS,29539,12.5125
2021-11-16,WHEAT-SRW,16247,8.1025
2021-11-23,CORN,362009,5.805
2021-11-23,SOYBEAN MEAL,53984,362.2
2021-11-23,SOYBEAN OIL,81613,0.6014
2021-11-23,SOYBEANS,50268,12.73
2021-11-23,WHEAT-SRW,20120,8.56
2021-11-30,CORN,303534,5.67
2021-11-30,SOYBEAN MEAL,37611,348.8
2021-11-30,SOYBEAN OIL,64246,0.5511
2021-11-30,SOYBEANS,31074,12.1725
2021-11-30,WHEAT-SRW,4882,7.7375
2021-12-07,CORN,320887,5.8625
2021-12-07,SOYBEAN MEAL,27997,358.9
2021-12-07,SOYBEAN OIL,58313,0.5704
2021-12-07,SOYBEANS,36495,12.5025
2021-12-07,WHEAT-SRW,-1154,7.9925
2021-12-14,CORN,335472,5.8875
2021-12-14,SOYBEAN MEAL,40692,404.5
2021-12-14,SOYBEAN OIL,44658,0.5201
2021-12-14,SOYBEANS,40451,12.595
2021-12-14,WHEAT-SRW,-9517,7.855
2021-12-21,CORN,350903,5.9825
2021-12-21,SOYBEAN MEAL,50641,394.0
2021-12-21,SOYBEAN OIL,38452,0.539
2021-12-21,SOYBEANS,73952,13.08
2021-12-21,WHEAT-SRW,-12730,7.99
2021-12-28,CORN,362531,6.0475
2021-12-28,SOYBEAN MEAL,60800,415.9
2021-12-28,SOYBEAN OIL,43884,0.5655
2021-12-28,SOYBEANS,99106,13.5925
2021-12-28,WHEAT-SRW,-14174,7.835
2022-01-04,CORN,355355,6.095
2022-01-04,SOYBEAN MEAL,70415,427.6
2022-01-04,SOYBEAN OIL,51140,0.5814
2022-01-04,SOYBEANS,100284,13.7875
2022-01-04,WHEAT-SRW,-22707,7.7
2022-01-11,CORN,334776,6.01
2022-01-11,SOYBEAN MEAL,72942,427.3
2022-01-11,SOYBEAN OIL,52719,0.5889
2022-01-11,SOYBEANS,107278,13.7675
2022-01-11,WHEAT-SRW,-31202,7.7025
2022-01-18,CORN,318944,5.995
2022-01-18,SOYBEAN MEAL,65033,390.1
2022-01-18,SOYBEAN OIL,56166,0.5908
2022-01-18,SOYBEANS,98451,13.6125
2022-01-18,WHEAT-SRW,-28385,7.69
2022-01-25,CORN,360124,6.2
2022-01-25,SOYBEAN MEAL,64692,392.0
2022-01-25,SOYBEAN OIL,66878,0.6251
2022-01-25,SOYBEANS,108003,14.0725
2022-01-25,WHEAT-SRW,-15190,8.18
2022-02-01,CORN,368829,6.3475
2022-02-01,SOYBEAN MEAL,77581,436.0
2022-02-01,SOYBEAN OIL,78909,0.6583
2022-02-01,SOYBEANS,149444,15.285
2022-02-01,WHEAT-SRW,-29130,7.69
2022-02-08,CORN,334450,6.3225
2022-02-08,SOYBEAN MEAL,88481,454.1
2022-02-08,SOYBEAN OIL,71572,0.6335
2022-02-08,SOYBEANS,164336,15.69
2022-02-08,WHEAT-SRW,-31969,7.7875
2022-02-15,CORN,323199,6.38
2022-02-15,SOYBEAN MEAL,89886,438.8
2022-02-15,SOYBEAN OIL,69695,0.6563
2022-02-15,SOYBEANS,172853,15.5125
2022-02-15,WHEAT-SRW,-36606,7.7975
2022-02-22,CORN,344790,6.7475
2022-02-22,SOYBEAN MEAL,89449,453.7
2022-02-22,SOYBEAN OIL,78269,0.7015
2022-02-22,SOYBEANS,171384,16.35
2022-02-22,WHEAT-SRW,-19518,8.4425
2022-03-01,CORN,337221,7.3975
2022-03-01,SOYBEAN MEAL,93886,463.7
2022-03-01,SOYBEAN OIL,80657,0.768
2022-03-01,SOYBEANS,166058,17.055
2022-03-01,WHEAT-SRW,-8843,10.0175
2022-03-08,CORN,355824,7.545
2022-03-08,SOYBEAN MEAL,96195,489.9
2022-03-08,SOYBEAN OIL,85350,0.7968
2022-03-08,SOYBEANS,161670,17.045
2022-03-08,WHEAT-SRW,21757,12.73
2022-03-15,CORN,361250,7.58
2022-03-15,SOYBEAN MEAL,102515,484.0
2022-03-15,SOYBEAN OIL,89453,0.7368
2022-03-15,SOYBEANS,161928,16.5875
2022-03-15,WHEAT-SRW,24967,11.5425
2022-03-22,CORN,371914,7.53
2022-03-22,SOYBEAN MEAL,100563,476.8
2022-03-22,SOYBEAN OIL,84439,0.7454
2022-03-22,SOYBEANS,164248,16.965
2022-03-22,WHEAT-SRW,22692,11.1825
2022-03-29,CORN,341639,7.2625
2022-03-29,SOYBEAN MEAL,99638,466.0
2022-03-29,SOYBEAN OIL,79657,0.7166
2022-03-29,SOYBEANS,151028,16.43
2022-03-29,WHEAT-SRW,19645,10.1425
2022-04-05,CORN,349104,7.5975
2022-04-05,SOYBEAN MEAL,99924,465.9
2022-04-05,SOYBEAN OIL,77217,0.7241
2022-04-05,SOYBEANS,156811,16.31
2022-04-05,WHEAT-SRW,13953,10.4525
2022-04-12,CORN,356877,7.7625
2022-04-12,SOYBEAN MEAL,93003,460.9
2022-04-12,SOYBEAN OIL,84535,0.7543
2022-04-12,SOYBEANS,164649,16.7025
2022-04-12,WHEAT-SRW,17067,11.0375
2022-04-19,CORN,362901,8.04
2022-04-19,SOYBEAN MEAL,99272,464.4
2022-04-19,SOYBEAN OIL,97054,0.8021
2022-04-19,SOYBEANS,171365,17.165
2022-04-19,WHEAT-SRW,14724,10.99
2022-04-26,CORN,338594,8.0325
2022-04-26,SOYBEAN MEAL,90929,444.8
2022-04-26,SOYBEAN OIL,96220,0.8529
2022-04-26,SOYBEANS,166688,17.0525
2022-04-26,WHEAT-SRW,14970,10.8325
2022-05-03,CORN,327802,8.0075
2022-05-03,SOYBEAN MEAL,73396,436.4
2022-05-03,SOYBEAN OIL,84821,0.843
2022-05-03,SOYBEANS,148011,16.59
2022-05-03,WHEAT-SRW,10702,10.3375
2022-05-10,CORN,313391,7.865
2022-05-10,SOYBEAN MEAL,52041,407.9
2022-05-10,SOYBEAN OIL,87444,0.8796
2022-05-10,SOYBEANS,126551,16.3
2022-05-10,WHEAT-SRW,15913,10.8325
2022-05-17,CORN,312365,8.0075
2022-05-17,SOYBEAN MEAL,35876,411.8
2022-05-17,SOYBEAN OIL,84779,0.8349
2022-05-17,SOYBEANS,142029,16.78
2022-05-17,WHEAT-SRW,31456,12.775
2022-05-24,CORN,267491,7.7175
2022-05-24,SOYBEAN MEAL,49226,427.1
2022-05-24,SOYBEAN OIL,67785,0.8012
2022-05-24,SOYBEANS,158505,16.93
2022-05-24,WHEAT-SRW,24783,11.5475
2022-05-31,CORN,246700,7.535
2022-05-31,SOYBEAN MEAL,47371,414.8
2022-05-31,SOYBEAN OIL,63429,0.7792
2022-05-31,SOYBEANS,160159,16.8325
2022-05-31,WHEAT-SRW,16679,10.875
2022-06-07,CORN,239592,7.57
2022-06-07,SOYBEAN MEAL,53307,417.4
2022-06-07,SOYBEAN OIL,67878,0.8144
2022-06-07,SOYBEANS,153654,17.2825
2022-06-07,WHEAT-SRW,13774,10.7175
2022-06-14,CORN,253240,7.6825
2022-06-14,SOYBEAN MEAL,52541,411.0
2022-06-14,SOYBEAN OIL,62348,0.7828
2022-06-14,SOYBEANS,158379,16.985
2022-06-14,WHEAT-SRW,6963,10.5025
2022-06-21,CORN,241691,7.6075
2022-06-21,SOYBEAN MEAL,59781,431.3
2022-06-21,SOYBEAN OIL,51136,0.7337
2022-06-21,SOYBEANS,149316,16.81
2022-06-21,WHEAT-SRW,3218,9.7525
2022-06-28,CORN,211933,7.595
2022-06-28,SOYBEAN MEAL,61359,455.1
2022-06-28,SOYBEAN OIL,33133,0.7209
2022-06-28,SOYBEANS,122615,16.6375
2022-06-28,WHEAT-SRW,-1169,9.2125
2022-07-05,CORN,157976,7.36
2022-07-05,SOYBEAN MEAL,65185,452.8
2022-07-05,SOYBEAN OIL,24752,0.6052
2022-07-05,SOYBEANS,101697,15.7525
2022-07-05,WHEAT-SRW,-1978,7.9375
2022-07-12,CORN,128524,7.3275
2022-07-12,SOYBEAN MEAL,67561,478.7
2022-07-12,SOYBEAN OIL,17828,0.6141
2022-07-12,SOYBEANS,90735,15.9275
2022-07-12,WHEAT-SRW,-10434,8.015
2022-07-19,CORN,103315,5.9675
2022-07-19,SOYBEAN MEAL,66487,435.0
2022-07-19,SOYBEAN OIL,17656,0.6189
2022-07-19,SOYBEANS,83070,14.7725
2022-07-19,WHEAT-SRW,-11553,8.1225
2022-07-26,CORN,111784,5.97
2022-07-26,SOYBEAN MEAL,72238,472.4
2022-07-26,SOYBEAN OIL,14526,0.6042
2022-07-26,SOYBEANS,85962,15.3275
2022-07-26,WHEAT-SRW,-14527,8.0375
2022-08-02,CORN,118034,5.9125
2022-08-02,SOYBEAN MEAL,79163,489.2
2022-08-02,SOYBEAN OIL,21630,0.652
2022-08-02,SOYBEANS,100043,15.6925
2022-08-02,WHEAT-SRW,-18890,7.7475
2022-08-09,CORN,134763,6.155
2022-08-09,SOYBEAN MEAL,83037,513.6
2022-08-09,SOYBEAN OIL,21902,0.6969
2022-08-09,SOYBEANS,102354,16.9325
2022-08-09,WHEAT-SRW,-24081,7.815
2022-08-16,CORN,142646,6.11
2022-08-16,SOYBEAN MEAL,85694,435.9
2022-08-16,SOYBEAN OIL,33468,0.6784
2022-08-16,SOYBEANS,101502,14.5425
2022-08-16,WHEAT-SRW,-21830,7.86
2022-08-23,CORN,175527,6.6
2022-08-23,SOYBEAN MEAL,93348,468.5
2022-08-23,SOYBEAN OIL,42383,0.6959
2022-08-23,SOYBEANS,111345,15.6675
2022-08-23,WHEAT-SRW,-29231,7.8275
2022-08-30,CORN,205208,6.7975
2022-08-30,SOYBEAN MEAL,92335,462.4
2022-08-30,SOYBEAN OIL,48653,0.7079
2022-08-30,SOYBEANS,104149,15.13
2022-08-30,WHEAT-SRW,-23935,7.9825
2022-09-06,CORN,210231,6.8075
2022-09-06,SOYBEAN MEAL,81188,433.5
2022-09-06,SOYBEAN OIL,43652,0.6896
2022-09-06,SOYBEANS,99569,14.9
2022-09-06,WHEAT-SRW,-23434,8.0
2022-09-13,CORN,227675,7.09
2022-09-13,SOYBEAN MEAL,87353,462.1
2022-09-13,SOYBEAN OIL,54945,0.7196
2022-09-13,SOYBEANS,114761,15.3425
2022-09-13,WHEAT-SRW,-22665,8.4275
2022-09-20,CORN,236192,6.92
2022-09-20,SOYBEAN MEAL,100721,450.8
2022-09-20,SOYBEAN OIL,57923,0.6859
2022-09-20,SOYBEANS,107484,14.7875
2022-09-20,WHEAT-SRW,-18139,8.9375
2022-09-27,CORN,224362,6.675
2022-09-27,SOYBEAN MEAL,93546,426.1
2022-09-27,SOYBEAN OIL,58452,0.6566
2022-09-27,SOYBEANS,96763,14.08
2022-09-27,WHEAT-SRW,-16357,8.715
2022-10-04,CORN,228821,6.83
2022-10-04,SOYBEAN MEAL,79585,403.0
2022-10-04,SOYBEAN OIL,62871,0.6863
2022-10-04,SOYBEANS,77361,13.835
2022-10-04,WHEAT-SRW,-12688,9.03
2022-10-11,CORN,254553,6.93
2022-10-11,SOYBEAN MEAL,70284,410.4
2022-10-11,SOYBEAN OIL,61123,0.6898
2022-10-11,SOYBEANS,65606,13.7625
2022-10-11,WHEAT-SRW,-19889,9.01
2022-10-18,CORN,239358,6.81
2022-10-18,SOYBEAN MEAL,70501,401.8
2022-10-18,SOYBEAN OIL,75318,0.6874
2022-10-18,SOYBEANS,66749,13.72
2022-10-18,WHEAT-SRW,-23020,8.495
2022-10-25,CORN,248886,6.8625
2022-10-25,SOYBEAN MEAL,86465,415.6
2022-10-25,SOYBEAN OIL,95650,0.7228
2022-10-25,SOYBEANS,75535,13.82
2022-10-25,WHEAT-SRW,-36777,8.3475
2022-11-01,CORN,261512,6.9775
2022-11-01,SOYBEAN MEAL,94796,424.8
2022-11-01,SOYBEAN OIL,100426,0.7337
2022-11-01,SOYBEANS,102297,14.3575
2022-11-01,WHEAT-SRW,-36705,9.025
2022-11-08,CORN,221808,6.675
2022-11-08,SOYBEAN MEAL,96466,419.3
2022-11-08,SOYBEAN OIL,106373,0.7503
2022-11-08,SOYBEANS,105372,14.44
2022-11-08,WHEAT-SRW,-43527,8.2775
2022-11-15,CORN,165847,6.6675
2022-11-15,SOYBEAN MEAL,76071,409.9
2022-11-15,SOYBEAN OIL,111094,0.7698
2022-11-15,SOYBEANS,95579,14.5725
2022-11-15,WHEAT-SRW,-47622,8.2825
2022-11-22,CORN,156735,6.5675
2022-11-22,SOYBEAN MEAL,72032,408.6
2022-11-22,SOYBEAN OIL,100902,0.7384
2022-11-22,SOYBEANS,83836,14.2975
2022-11-22,WHEAT-SRW,-55844,7.915
2022-11-29,CORN,193989,6.6575
2022-11-29,SOYBEAN MEAL,74688,408.5
2022-11-29,SOYBEAN OIL,104016,0.7654
2022-11-29,SOYBEANS,103196,14.595
2022-11-29,WHEAT-SRW,-53058,7.5775
2022-12-06,CORN,119189,6.255
2022-12-06,SOYBEAN MEAL,98659,449.2
2022-12-06,SOYBEAN OIL,60860,0.6387
2022-12-06,SOYBEANS,100755,14.55
2022-12-06,WHEAT-SRW,-63098,7.055
2022-12-13,CORN,127626,6.4375
2022-12-13,SOYBEAN MEAL,115609,450.0
2022-12-13,SOYBEAN OIL,50689,0.6631
2022-12-13,SOYBEANS,120452,14.7975
2022-12-13,WHEAT-SRW,-63093,7.2875
2022-12-20,CORN,113554,6.52
2022-12-20,SOYBEAN MEAL,122401,452.4
2022-12-20,SOYBEAN OIL,55074,0.6605
2022-12-20,SOYBEANS,126726,14.785
2022-12-20,WHEAT-SRW,-59767,7.505
2022-12-27,CORN,163666,6.7475
2022-12-27,SOYBEAN MEAL,130316,451.8
2022-12-27,SOYBEAN OIL,62082,0.6765
2022-12-27,SOYBEANS,129244,14.8225
2022-12-27,WHEAT-SRW,-56245,7.745
2023-01-03,CORN,199954,6.705
2023-01-03,SOYBEAN MEAL,142419,476.8
2023-01-03,SOYBEAN OIL,60426,0.6316
2023-01-03,SOYBEANS,142864,14.8725
2023-01-03,WHEAT-SRW,-52820,7.755
2023-01-10,CORN,149665,6.55
2023-01-10,SOYBEAN MEAL,143619,500.9
2023-01-10,SOYBEAN OIL,50953,0.6313
2023-01-10,SOYBEANS,132647,15.1
2023-01-10,WHEAT-SRW,-62631,7.31
2023-01-17,CORN,198865,6.8525
2023-01-17,SOYBEAN MEAL,152403,481.2
2023-01-17,SOYBEAN OIL,50027,0.6384
2023-01-17,SOYBEANS,168380,15.3975
2023-01-17,WHEAT-SRW,-64641,7.5175
2023-01-24,CORN,203506,6.77
2023-01-24,SOYBEAN MEAL,136724,459.8
2023-01-24,SOYBEAN OIL,32646,0.6098
2023-01-24,SOYBEANS,147638,14.885
2023-01-24,WHEAT-SRW,-73802,7.345
2023-01-31,CORN,219227,6.7975
2023-01-31,SOYBEAN MEAL,142822,484.2
2023-01-31,SOYBEAN OIL,28022,0.6233
2023-01-31,SOYBEANS,175232,15.38
2023-01-31,WHEAT-SRW,-64155,7.6125
2023-02-07,CORN,198129,6.74
2023-02-07,SOYBEAN MEAL,144292,481.4
2023-02-07,SOYBEAN OIL,19184,0.6089
2023-02-07,SOYBEANS,165907,15.1525
2023-02-07,WHEAT-SRW,-72088,7.4975
2023-02-14,CORN,233798,6.8225
2023-02-14,SOYBEAN MEAL,154188,501.0
2023-02-14,SOYBEAN OIL,18976,0.604
2023-02-14,SOYBEANS,181948,15.375
2023-02-14,WHEAT-SRW,-61708,7.86
2023-02-21,CORN,217290,6.805
2023-02-21,SOYBEAN MEAL,155797,497.7
2023-02-21,SOYBEAN OIL,31371,0.6277
2023-02-21,SOYBEANS,187037,15.4875
2023-02-21,WHEAT-SRW,-74200,7.505
2023-02-28,CORN,66350,6.295
2023-02-28,SOYBEAN MEAL,139448,487.6
2023-02-28,SOYBEAN OIL,25444,0.5975
2023-02-28,SOYBEANS,130529,14.905
2023-02-28,WHEAT-SRW,-93804,6.915
2023-03-07,CORN,15597,6.42
2023-03-07,SOYBEAN MEAL,154214,501.5
2023-03-07,SOYBEAN OIL,18230,0.5816
2023-03-07,SOYBEANS,154624,15.2525
2023-03-07,WHEAT-SRW,-103132,6.8475
2023-03-14,CORN,-59904,6.275
2023-03-14,SOYBEAN MEAL,133279,492.2
2023-03-14,SOYBEAN OIL,-3319,0.5584
2023-03-14,SOYBEANS,127346,14.9975
2023-03-14,WHEAT-SRW,-98052,6.865
2023-03-21,CORN,-45896,6.3
2023-03-21,SOYBEAN MEAL,114663,460.6
2023-03-21,SOYBEAN OIL,-8231,0.5624
2023-03-21,SOYBEANS,110954,14.67
2023-03-21,WHEAT-SRW,-89013,6.8325
2023-03-28,CORN,-13437,6.4725
2023-03-28,SOYBEAN MEAL,96285,457.9
2023-03-28,SOYBEAN OIL,-14517,0.5505
2023-03-28,SOYBEANS,98404,14.6775
2023-03-28,WHEAT-SRW,-92660,6.9975
2023-04-04,CORN,24578,6.5375
2023-04-04,SOYBEAN MEAL,96485,457.4
2023-04-04,SOYBEAN OIL,-12392,0.5574
2023-04-04,SOYBEANS,145299,15.175
2023-04-04,WHEAT-SRW,-89750,6.915
2023-04-11,CORN,28885,6.51
2023-04-11,SOYBEAN MEAL,96035,457.8
2023-04-11,SOYBEAN OIL,-14180,0.5489
2023-04-11,SOYBEANS,124699,14.9725
2023-04-11,WHEAT-SRW,-106364,6.74
2023-04-18,CORN,57699,6.775
2023-04-18,SOYBEAN MEAL,106103,461.1
2023-04-18,SOYBEAN OIL,-17509,0.5536
2023-04-18,SOYBEANS,135630,15.1925
2023-04-18,WHEAT-SRW,-105286,6.98
2023-04-25,CORN,-10059,6.465
2023-04-25,SOYBEAN MEAL,86883,434.8
2023-04-25,SOYBEAN OIL,-20192,0.5171
2023-04-25,SOYBEANS,87132,14.4525
2023-04-25,WHEAT-SRW,-114163,6.3875
2023-05-02,CORN,-111784,6.38
2023-05-02,SOYBEAN MEAL,60976,429.8
2023-05-02,SOYBEAN OIL,-24724,0.5139
2023-05-02,SOYBEANS,54990,14.395
2023-05-02,WHEAT-SRW,-127856,5.955
2023-05-09,CORN,-104505,6.4225
2023-05-09,SOYBEAN MEAL,61986,416.4
2023-05-09,SOYBEAN OIL,-15016,0.5272
2023-05-09,SOYBEANS,49763,14.5175
2023-05-09,WHEAT-SRW,-119649,6.305
2023-05-16,CORN,-87661,5.8125
2023-05-16,SOYBEAN MEAL,78619,426.9
2023-05-16,SOYBEAN OIL,-36502,0.4745
2023-05-16,SOYBEANS,21818,13.64
2023-05-16,WHEAT-SRW,-115474,6.475
2023-05-23,CORN,-97649,5.775
2023-05-23,SOYBEAN MEAL,73132,406.4
2023-05-23,SOYBEAN OIL,-38749,0.4776
2023-05-23,SOYBEANS,710,13.225
2023-05-23,WHEAT-SRW,-121053,6.2225
2023-05-30,CORN,-46846,5.94
2023-05-30,SOYBEAN MEAL,59329,392.6
2023-05-30,SOYBEAN OIL,-40300,0.462
2023-05-30,SOYBEANS,2238,12.965
2023-05-30,WHEAT-SRW,-127034,5.91
2023-06-06,CORN,-44546,6.08
2023-06-06,SOYBEAN MEAL,65650,396.7
2023-06-06,SOYBEAN OIL,-19198,0.5092
2023-06-06,SOYBEANS,13952,13.5325
2023-06-06,WHEAT-SRW,-122280,6.2775
2023-06-13,CORN,1855,6.125
2023-06-13,SOYBEAN MEAL,59936,397.5
2023-06-13,SOYBEAN OIL,8850,0.5543
2023-06-13,SOYBEANS,49811,13.9925
2023-06-13,WHEAT-SRW,-116547,6.3625
2023-06-20,CORN,66061,6.4375
2023-06-20,SOYBEAN MEAL,63152,412.8
2023-06-20,SOYBEAN OIL,30559,0.5963
2023-06-20,SOYBEANS,83413,14.7725
2023-06-20,WHEAT-SRW,-90439,6.9575
2023-06-27,CORN,66761,6.23
2023-06-27,SOYBEAN MEAL,58781,407.3
2023-06-27,SOYBEAN OIL,41722,0.6055
2023-06-27,SOYBEANS,99063,14.95
2023-06-27,WHEAT-SRW,-54929,6.85
2023-07-03,CORN,-7359,5.5725
2023-07-03,SOYBEAN MEAL,52590,418.6
2023-07-03,SOYBEAN OIL,45235,0.6702
2023-07-03,SOYBEANS,90193,15.62
2023-07-03,WHEAT-SRW,-56399,6.285
2023-07-11,CORN,-56167,5.7175
2023-07-11,SOYBEAN MEAL,54013,422.3
2023-07-11,SOYBEAN OIL,51338,0.6853
2023-07-11,SOYBEANS,84244,15.205
2023-07-11,WHEAT-SRW,-54409,6.495
2023-07-18,CORN,-46150,5.2875
2023-07-18,SOYBEAN MEAL,57801,442.7
2023-07-18,SOYBEAN OIL,46702,0.6405
2023-07-18,SOYBEANS,94970,14.92
2023-07-18,WHEAT-SRW,-57009,6.7075
2023-07-25,CORN,25054,5.575
2023-07-25,SOYBEAN MEAL,68572,453.8
2023-07-25,SOYBEAN OIL,55423,0.7256
2023-07-25,SOYBEANS,111784,15.155
2023-07-25,WHEAT-SRW,-42109,7.6025
2023-08-01,CORN,12675,4.97
2023-08-01,SOYBEAN MEAL,68545,456.1
2023-08-01,SOYBEAN OIL,51241,0.6709
2023-08-01,SOYBEANS,90316,14.4675
2023-08-01,WHEAT-SRW,-57020,6.5225
2023-08-08,CORN,-33053,4.8575
2023-08-08,SOYBEAN MEAL,68051,433.2
2023-08-08,SOYBEAN OIL,47774,0.6658
2023-08-08,SOYBEANS,62977,14.3
2023-08-08,WHEAT-SRW,-62145,6.5625
2023-08-15,CORN,-86624,4.64
2023-08-15,SOYBEAN MEAL,56547,403.8
2023-08-15,SOYBEAN OIL,48444,0.659
2023-08-15,SOYBEANS,49190,13.2325
2023-08-15,WHEAT-SRW,-74435,5.985
2023-08-22,CORN,-121612,4.665
2023-08-22,SOYBEAN MEAL,52479,406.3
2023-08-22,SOYBEAN OIL,55915,0.6521
2023-08-22,SOYBEANS,54283,13.515
2023-08-22,WHEAT-SRW,-80007,6.0175
2023-08-29,CORN,-91131,4.695
2023-08-29,SOYBEAN MEAL,72723,419.3
2023-08-29,SOYBEAN OIL,59460,0.6656
2023-08-29,SOYBEANS,84892,13.82
2023-08-29,WHEAT-SRW,-83808,5.6975
2023-09-05,CORN,-96188,4.71
2023-09-05,SOYBEAN MEAL,64998,406.3
2023-09-05,SOYBEAN OIL,56496,0.66
2023-09-05,SOYBEANS,76477,13.49
2023-09-05,WHEAT-SRW,-83143,5.725
2023-09-12,CORN,-138163,4.6325
2023-09-12,SOYBEAN MEAL,62096,405.2
2023-09-12,SOYBEAN OIL,42501,0.6272
2023-09-12,SOYBEANS,67475,13.3175
2023-09-12,WHEAT-SRW,-89232,5.6025
2023-09-19,CORN,-149455,4.7625
2023-09-19,SOYBEAN MEAL,56005,391.5
2023-09-19,SOYBEAN OIL,47554,0.6176
2023-09-19,SOYBEANS,38414,13.155
2023-09-19,WHEAT-SRW,-103952,5.84
2023-09-26,CORN,-166668,4.7975
2023-09-26,SOYBEAN MEAL,61085,394.0
2023-09-26,SOYBEAN OIL,36831,0.5886
2023-09-26,SOYBEANS,25930,13.0275
2023-09-26,WHEAT-SRW,-102417,5.89
2023-10-03,CORN,-155627,4.875
2023-10-03,SOYBEAN MEAL,42654,363.2
2023-10-03,SOYBEAN OIL,42985,0.5945
2023-10-03,SOYBEANS,2387,12.7275
2023-10-03,WHEAT-SRW,-105624,5.685
2023-10-10,CORN,-110449,4.855
2023-10-10,SOYBEAN MEAL,33972,372.0
2023-10-10,SOYBEAN OIL,27461,0.5399
2023-10-10,SOYBEANS,-3185,12.715
2023-10-10,WHEAT-SRW,-110247,5.585
2023-10-17,CORN,-105572,4.89
2023-10-17,SOYBEAN MEAL,52166,399.8
2023-10-17,SOYBEAN OIL,21851,0.5535
2023-10-17,SOYBEANS,-3412,12.9675
2023-10-17,WHEAT-SRW,-110952,5.705
2023-10-24,CORN,-99522,4.84
2023-10-24,SOYBEAN MEAL,92580,434.2
2023-10-24,SOYBEAN OIL,12896,0.5132
2023-10-24,SOYBEANS,6817,12.9525
2023-10-24,WHEAT-SRW,-97710,5.805
2023-10-31,CORN,-147141,4.7875
2023-10-31,SOYBEAN MEAL,107090,431.0
2023-10-31,SOYBEAN OIL,5169,0.5142
2023-10-31,SOYBEANS,23123,12.87
2023-10-31,WHEAT-SRW,-108837,5.5625
2023-11-07,CORN,-176065,4.685
2023-11-07,SOYBEAN MEAL,112608,447.4
2023-11-07,SOYBEAN OIL,-9938,0.4949
2023-11-07,SOYBEANS,71773,13.4875
2023-11-07,WHEAT-SRW,-100202,5.7025
2023-11-14,CORN,-174643,4.7825
2023-11-14,SOYBEAN MEAL,132714,473.6
2023-11-14,SOYBEAN OIL,-6739,0.5275
2023-11-14,SOYBEANS,95238,13.6875
2023-11-14,WHEAT-SRW,-97451,5.72
2023-11-21,CORN,-201790,4.7
2023-11-21,SOYBEAN MEAL,139125,459.2
2023-11-21,SOYBEAN OIL,-3331,0.5419
2023-11-21,SOYBEANS,85822,13.7725
2023-11-21,WHEAT-SRW,-117417,5.55
2023-11-28,CORN,-212023,4.515
2023-11-28,SOYBEAN MEAL,139178,450.3
2023-11-28,SOYBEAN OIL,-4866,0.5334
2023-11-28,SOYBEANS,71151,13.465
2023-11-28,WHEAT-SRW,-124067,5.4375
2023-12-05,CORN,-156828,4.685
2023-12-05,SOYBEAN MEAL,123670,433.7
2023-12-05,SOYBEAN OIL,-18593,0.5022
2023-12-05,SOYBEANS,37732,13.055
2023-12-05,WHEAT-SRW,-100532,6.2075
2023-12-12,CORN,-149655,4.625
2023-12-12,SOYBEAN MEAL,97348,429.2
2023-12-12,SOYBEAN OIL,-23099,0.5039
2023-12-12,SOYBEANS,31747,13.2375
2023-12-12,WHEAT-SRW,-71110,6.07
2023-12-19,CORN,-182358,4.7275
2023-12-19,SOYBEAN MEAL,79856,403.2
2023-12-19,SOYBEAN OIL,-32223,0.5073
2023-12-19,SOYBEANS,10486,13.125
2023-12-19,WHEAT-SRW,-66876,6.2275
2023-12-26,CORN,-172015,4.8025
2023-12-26,SOYBEAN MEAL,64404,403.2
2023-12-26,SOYBEAN OIL,-49422,0.4791
2023-12-26,SOYBEANS,11497,13.1325
2023-12-26,WHEAT-SRW,-60716,6.3625
2024-01-02,CORN,-200949,4.6375
2024-01-02,SOYBEAN MEAL,48707,378.9
2024-01-02,SOYBEAN OIL,-50234,0.4779
2024-01-02,SOYBEANS,-8870,12.74
2024-01-02,WHEAT-SRW,-64076,6.0675
2024-01-09,CORN,-237209,4.5925
2024-01-09,SOYBEAN MEAL,16131,366.0
2024-01-09,SOYBEAN OIL,-46170,0.4812
2024-01-09,SOYBEANS,-33277,12.415
2024-01-09,WHEAT-SRW,-61750,6.1
2024-01-16,CORN,-271650,4.435
2024-01-16,SOYBEAN MEAL,1506,371.1
2024-01-16,SOYBEAN OIL,-46443,0.4725
2024-01-16,SOYBEANS,-78827,12.2725
2024-01-16,WHEAT-SRW,-76863,5.82
2024-01-23,CORN,-275467,4.465
2024-01-23,SOYBEAN MEAL,-13224,361.1
2024-01-23,SOYBEAN OIL,-43743,0.4821
2024-01-23,SOYBEANS,-96392,12.395
2024-01-23,WHEAT-SRW,-70345,5.965
2024-01-30,CORN,-279548,4.4775
2024-01-30,SOYBEAN MEAL,-17791,363.0
2024-01-30,SOYBEAN OIL,-51066,0.46
2024-01-30,SOYBEANS,-101598,12.1875
2024-01-30,WHEAT-SRW,-67689,6.055
2024-02-06,CORN,-293678,4.3875
2024-02-06,SOYBEAN MEAL,-10691,358.8
2024-02-06,SOYBEAN OIL,-45111,0.4594
2024-02-06,SOYBEANS,-121163,11.995
2024-02-06,WHEAT-SRW,-69318,5.95
2024-02-13,CORN,-305003,4.3075
2024-02-13,SOYBEAN MEAL,-24985,344.8
2024-02-13,SOYBEAN OIL,-37496,0.473
2024-02-13,SOYBEANS,-124369,11.8625
2024-02-13,WHEAT-SRW,-57880,5.975
2024-02-20,CORN,-328584,4.1875
2024-02-20,SOYBEAN MEAL,-27990,347.6
2024-02-20,SOYBEAN OIL,-52414,0.4541
2024-02-20,SOYBEANS,-126674,11.79
2024-02-20,WHEAT-SRW,-71318,5.8275
2024-02-27,CORN,-287795,4.0825
2024-02-27,SOYBEAN MEAL,-43598,327.8
2024-02-27,SOYBEAN OIL,-51013,0.4491
2024-02-27,SOYBEANS,-151030,11.3125
2024-02-27,WHEAT-SRW,-55966,5.86
2024-03-05,CORN,-285580,4.135
2024-03-05,SOYBEAN MEAL,-45910,331.2
2024-03-05,SOYBEAN OIL,-60917,0.4451
2024-03-05,SOYBEANS,-160290,11.4075
2024-03-05,WHEAT-SRW,-64833,5.4575
2024-03-12,CORN,-252319,4.29
2024-03-12,SOYBEAN MEAL,-47866,333.8
2024-03-12,SOYBEAN OIL,-33178,0.4723
2024-03-12,SOYBEANS,-146618,11.82
2024-03-12,WHEAT-SRW,-78626,5.355
2024-03-19,CORN,-244186,4.395
2024-03-19,SOYBEAN MEAL,-44547,333.9
2024-03-19,SOYBEAN OIL,-15099,0.4814
2024-03-19,SOYBEANS,-138632,11.855
2024-03-19,WHEAT-SRW,-81202,5.525
2024-03-26,CORN,-245463,4.325
2024-03-26,SOYBEAN MEAL,-28610,339.8
2024-03-26,SOYBEAN OIL,31,0.4842
2024-03-26,SOYBEANS,-123170,11.99
2024-03-26,WHEAT-SRW,-91563,5.435
2024-04-02,CORN,-250015,4.265
2024-04-02,SOYBEAN MEAL,-40558,328.3
2024-04-02,SOYBEAN OIL,7381,0.486
2024-04-02,SOYBEANS,-127018,11.74
2024-04-02,WHEAT-SRW,-91016,5.4525
2024-04-09,CORN,-255666,4.3125
2024-04-09,SOYBEAN MEAL,-22774,335.6
2024-04-09,SOYBEAN OIL,-3652,0.4752
2024-04-09,SOYBEANS,-126357,11.745
2024-04-09,WHEAT-SRW,-85806,5.5775
2024-04-16,CORN,-271600,4.31
2024-04-16,SOYBEAN MEAL,-9737,335.3
2024-04-16,SOYBEAN OIL,-51177,0.4491
2024-04-16,SOYBEANS,-155692,11.45
2024-04-16,WHEAT-SRW,-95557,5.4975
2024-04-23,CORN,-225943,4.43
2024-04-23,SOYBEAN MEAL,21409,345.2
2024-04-23,SOYBEAN OIL,-46419,0.4531
2024-04-23,SOYBEANS,-138678,11.675
2024-04-23,WHEAT-SRW,-75542,5.85
2024-04-30,CORN,-213115,4.395
2024-04-30,SOYBEAN MEAL,46685,346.3
2024-04-30,SOYBEAN OIL,-64308,0.4229
2024-04-30,SOYBEANS,-141237,11.455
2024-04-30,WHEAT-SRW,-49629,5.85
2024-05-07,CORN,-93777,4.5375
2024-05-07,SOYBEAN MEAL,89976,377.4
2024-05-07,SOYBEAN OIL,-62460,0.4385
2024-05-07,SOYBEANS,-30170,12.3225
2024-05-07,WHEAT-SRW,-44547,6.2475
2024-05-14,CORN,-61290,4.5375
2024-05-14,SOYBEAN MEAL,102975,363.6
2024-05-14,SOYBEAN OIL,-58748,0.4268
2024-05-14,SOYBEANS,-32333,11.99
2024-05-14,WHEAT-SRW,-29961,6.57
2024-05-21,CORN,-115645,4.58
2024-05-21,SOYBEAN MEAL,104236,372.3
2024-05-21,SOYBEAN OIL,-44616,0.4581
2024-05-21,SOYBEANS,-18019,12.3625
2024-05-21,WHEAT-SRW,-26689,6.975
2024-05-28,CORN,-131820,4.625
2024-05-28,SOYBEAN MEAL,120535,376.6
2024-05-28,SOYBEAN OIL,-39900,0.4552
2024-05-28,SOYBEANS,-1547,12.295
2024-05-28,WHEAT-SRW,-31422,7.0025
2024-06-04,CORN,-219608,4.425
2024-06-04,SOYBEAN MEAL,103440,355.1
2024-06-04,SOYBEAN OIL,-55868,0.4362
2024-06-04,SOYBEANS,-40801,11.79
2024-06-04,WHEAT-SRW,-36200,6.5825
2024-06-11,CORN,-219992,4.495
2024-06-11,SOYBEAN MEAL,94531,359.3
2024-06-11,SOYBEAN OIL,-74460,0.4367
2024-06-11,SOYBEANS,-61379,11.78
2024-06-11,WHEAT-SRW,-50357,6.265
2024-06-18,CORN,-209334,4.5
2024-06-18,SOYBEAN MEAL,101627,364.6
2024-06-18,SOYBEAN OIL,-83307,0.443
2024-06-18,SOYBEANS,-99267,11.74
2024-06-18,WHEAT-SRW,-54503,5.82
2024-06-25,CORN,-296251,4.255
2024-06-25,SOYBEAN MEAL,88530,365.3
2024-06-25,SOYBEAN OIL,-107389,0.4276
2024-06-25,SOYBEANS,-126352,11.6325
2024-06-25,WHEAT-SRW,-68755,5.4175
2024-07-02,CORN,-346774,4.02
2024-07-02,SOYBEAN MEAL,74846,368.9
2024-07-02,SOYBEAN OIL,-61369,0.4693
2024-07-02,SOYBEANS,-133766,11.65
2024-07-02,WHEAT-SRW,-73958,5.615
2024-07-09,CORN,-356415,4.0025
2024-07-09,SOYBEAN MEAL,62795,376.2
2024-07-09,SOYBEAN OIL,-15473,0.4686
2024-07-09,SOYBEANS,-162803,11.615
2024-07-09,WHEAT-SRW,-68692,5.5425
2024-07-16,CORN,-352772,3.9575
2024-07-16,SOYBEAN MEAL,28525,335.4
2024-07-16,SOYBEAN OIL,-15018,0.467
2024-07-16,SOYBEANS,-183145,10.905
2024-07-16,WHEAT-SRW,-72831,5.3075
2024-07-23,CORN,-333885,4.025
2024-07-23,SOYBEAN MEAL,16559,342.7
2024-07-23,SOYBEAN OIL,-27197,0.4666
2024-07-23,SOYBEANS,-172945,11.175
2024-07-23,WHEAT-SRW,-73159,5.4275
2024-07-30,CORN,-300310,3.8875
2024-07-30,SOYBEAN MEAL,32332,352.0
2024-07-30,SOYBEAN OIL,-58037,0.4275
2024-07-30,SOYBEANS,-169679,10.2725
2024-07-30,WHEAT-SRW,-76386,5.24
2024-08-06,CORN,-248804,3.8875
2024-08-06,SOYBEAN MEAL,42548,347.7
2024-08-06,SOYBEAN OIL,-78358,0.4087
2024-08-06,SOYBEANS,-156905,10.285
2024-08-06,WHEAT-SRW,-71233,5.4325
2024-08-13,CORN,-253047,3.7775
2024-08-13,SOYBEAN MEAL,3427,306.6
2024-08-13,SOYBEAN OIL,-79083,0.4068
2024-08-13,SOYBEANS,-154801,9.89
2024-08-13,WHEAT-SRW,-71026,5.2875
2024-08-20,CORN,-257259,3.75
2024-08-20,SOYBEAN MEAL,5767,312.3
2024-08-20,SOYBEAN OIL,-83783,0.4071
2024-08-20,SOYBEANS,-167926,9.5725
2024-08-20,WHEAT-SRW,-49932,5.33
2024-08-27,CORN,-248665,3.6725
2024-08-27,SOYBEAN MEAL,6142,317.3
2024-08-27,SOYBEAN OIL,-66428,0.4115
2024-08-27,SOYBEANS,-167515,9.675
2024-08-27,WHEAT-SRW,-55884,5.0825
2024-09-03,CORN,-187994,3.865
2024-09-03,SOYBEAN MEAL,22307,319.7
2024-09-03,SOYBEAN OIL,-46314,0.4207
2024-09-03,SOYBEANS,-146570,9.97
2024-09-03,WHEAT-SRW,-44928,5.52
2024-09-10,CORN,-146595,3.795
2024-09-10,SOYBEAN MEAL,37469,310.6
2024-09-10,SOYBEAN OIL,-46542,0.4085
2024-09-10,SOYBEANS,-120720,9.775
2024-09-10,WHEAT-SRW,-31697,5.5875
2024-09-17,CORN,-144037,4.125
2024-09-17,SOYBEAN MEAL,39974,318.0
2024-09-17,SOYBEAN OIL,-49249,0.4055
2024-09-17,SOYBEANS,-112752,10.06
2024-09-17,WHEAT-SRW,-27336,5.7575
2024-09-24,CORN,-140311,4.1175
2024-09-24,SOYBEAN MEAL,59097,323.6
2024-09-24,SOYBEAN OIL,-16855,0.4395
2024-09-24,SOYBEANS,-76017,10.4225
2024-09-24,WHEAT-SRW,-30321,5.78
2024-10-01,CORN,-72085,4.29
2024-10-01,SOYBEAN MEAL,103267,350.0
2024-10-01,SOYBEAN OIL,19014,0.4291
2024-10-01,SOYBEANS,-31781,10.5725
2024-10-01,WHEAT-SRW,-24689,5.99
2024-10-08,CORN,-34854,4.2075
2024-10-08,SOYBEAN MEAL,96848,323.6
2024-10-08,SOYBEAN OIL,35115,0.4337
2024-10-08,SOYBEANS,-18902,10.1625
2024-10-08,WHEAT-SRW,-31311,5.9475
2024-10-15,CORN,-107448,4.0125
2024-10-15,SOYBEAN MEAL,56587,311.8
2024-10-15,SOYBEAN OIL,28687,0.4245
2024-10-15,SOYBEANS,-40488,9.91
2024-10-15,WHEAT-SRW,-30465,5.795
2024-10-22,CORN,-87858,4.165
2024-10-22,SOYBEAN MEAL,57028,317.7
2024-10-22,SOYBEAN OIL,41358,0.4369
2024-10-22,SOYBEANS,-58067,9.9175
2024-10-22,WHEAT-SRW,-34811,5.76
2024-10-29,CORN,-35508,4.1375
2024-10-29,SOYBEAN MEAL,13661,301.8
2024-10-29,SOYBEAN OIL,37189,0.428
2024-10-29,SOYBEANS,-61870,9.6525
2024-10-29,WHEAT-SRW,-36060,5.705
2024-11-05,CORN,3035,4.185
2024-11-05,SOYBEAN MEAL,-6738,299.5
2024-11-05,SOYBEAN OIL,61177,0.4499
2024-11-05,SOYBEANS,-56372,9.9375
2024-11-05,WHEAT-SRW,-34448,5.725
2024-11-12,CORN,99779,4.285
2024-11-12,SOYBEAN MEAL,-25458,292.9
2024-11-12,SOYBEAN OIL,72970,0.4623
2024-11-12,SOYBEANS,-39701,10.035
2024-11-12,WHEAT-SRW,-52753,5.5225
2024-11-19,CORN,107099,4.2725
2024-11-19,SOYBEAN MEAL,-59222,288.6
2024-11-19,SOYBEAN OIL,52327,0.4484
2024-11-19,SOYBEANS,-48522,9.985
2024-11-19,WHEAT-SRW,-59620,5.4975
2024-11-26,CORN,83902,4.2
2024-11-26,SOYBEAN MEAL,-72903,288.1
2024-11-26,SOYBEAN OIL,21480,0.4259
2024-11-26,SOYBEANS,-58466,9.835
2024-11-26,WHEAT-SRW,-60758,5.395
2024-12-03,CORN,73239,4.2325
2024-12-03,SOYBEAN MEAL,-71531,286.0
2024-12-03,SOYBEAN OIL,7334,0.4195
2024-12-03,SOYBEANS,-45460,9.9175
2024-12-03,WHEAT-SRW,-70961,5.3675
2024-12-10,CORN,165572,4.405
2024-12-10,SOYBEAN MEAL,-69656,288.8
2024-12-10,SOYBEAN OIL,13287,0.4256
2024-12-10,SOYBEANS,-30594,9.9475
2024-12-10,WHEAT-SRW,-68461,5.42
2024-12-17,CORN,157705,4.435
2024-12-17,SOYBEAN MEAL,-86778,287.2
2024-12-17,SOYBEAN OIL,1382,0.4062
2024-12-17,SOYBEANS,-57076,9.7675
2024-12-17,WHEAT-SRW,-91315,5.45
2024-12-24,CORN,165606,4.485
2024-12-24,SOYBEAN MEAL,-95342,292.9
2024-12-24,SOYBEAN OIL,-22414,0.3984
2024-12-24,SOYBEANS,-53800,9.7525
2024-12-24,WHEAT-SRW,-103077,5.3475
2024-12-31,CORN,223896,4.585
2024-12-31,SOYBEAN MEAL,-63415,307.6
2024-12-31,SOYBEAN OIL,-32189,0.3978
2024-12-31,SOYBEANS,-25184,9.9825
2024-12-31,WHEAT-SRW,-90918,5.515
2025-01-07,CORN,243715,4.58
2025-01-07,SOYBEAN MEAL,-57921,295.3
2025-01-07,SOYBEAN OIL,-34550,0.4072
2025-01-07,SOYBEANS,-14396,9.9225
2025-01-07,WHEAT-SRW,-88964,5.425
2025-01-14,CORN,292163,4.745
2025-01-14,SOYBEAN MEAL,-62154,298.4
2025-01-14,SOYBEAN OIL,8191,0.4573
2025-01-14,SOYBEANS,58327,10.43
2025-01-14,WHEAT-SRW,-93969,5.4625
2025-01-21,CORN,321684,4.9
2025-01-21,SOYBEAN MEAL,-59433,311.0
2025-01-21,SOYBEAN OIL,26809,0.4577
2025-01-21,SOYBEANS,65921,10.6725
2025-01-21,WHEAT-SRW,-89579,5.5875
2025-01-28,CORN,343789,4.8525
2025-01-28,SOYBEAN MEAL,-51093,301.6
2025-01-28,SOYBEAN OIL,39511,0.4513
2025-01-28,SOYBEANS,73035,10.45
2025-01-28,WHEAT-SRW,-106391,5.4525
2025-02-04,CORN,361531,4.945
2025-02-04,SOYBEAN MEAL,-31481,314.0
2025-02-04,SOYBEAN OIL,45409,0.4576
2025-02-04,SOYBEANS,72756,10.75
2025-02-04,WHEAT-SRW,-82030,5.77
2025-02-11,CORN,326244,4.84
2025-02-11,SOYBEAN MEAL,-44821,296.6
2025-02-11,SOYBEAN OIL,49922,0.4613
2025-02-11,SOYBEANS,42221,10.435
2025-02-11,WHEAT-SRW,-74173,5.77
2025-02-18,CORN,359733,5.02
2025-02-18,SOYBEAN MEAL,-54271,293.8
2025-02-18,SOYBEAN OIL,57497,0.473
2025-02-18,SOYBEANS,33704,10.385
2025-02-18,WHEAT-SRW,-47844,6.0475
2025-02-25,CORN,333843,4.7975
2025-02-25,SOYBEAN MEAL,-61275,293.8
2025-02-25,SOYBEAN OIL,44881,0.4544
2025-02-25,SOYBEANS,23714,10.3125
2025-02-25,WHEAT-SRW,-65094,5.7275
2025-03-04,CORN,206844,4.36
2025-03-04,SOYBEAN MEAL,-85262,285.9
2025-03-04,SOYBEAN OIL,9750,0.4227
2025-03-04,SOYBEANS,-24525,9.84
2025-03-04,WHEAT-SRW,-82646,5.185
2025-03-11,CORN,132412,4.565
2025-03-11,SOYBEAN MEAL,-72667,294.1
2025-03-11,SOYBEAN OIL,-13319,0.4143
2025-03-11,SOYBEANS,-7922,9.9775
2025-03-11,WHEAT-SRW,-76346,5.41
2025-03-18,CORN,104430,4.5875
2025-03-18,SOYBEAN MEAL,-60126,299.9
2025-03-18,SOYBEAN OIL,-26425,0.4254
2025-03-18,SOYBEANS,-17984,10.1275
2025-03-18,WHEAT-SRW,-78666,5.65
2025-03-25,CORN,73920,4.5775
2025-03-25,SOYBEAN MEAL,-82486,295.1
2025-03-25,SOYBEAN OIL,-43388,0.423
2025-03-25,SOYBEANS,-33821,10.0175
2025-03-25,WHEAT-SRW,-90137,5.4325
2025-04-01,CORN,128433,4.6175
2025-04-01,SOYBEAN MEAL,-98455,292.3
2025-04-01,SOYBEAN OIL,-2133,0.4744
2025-04-01,SOYBEANS,-3681,10.3425
2025-04-01,WHEAT-SRW,-100584,5.405
2025-04-08,CORN,131184,4.69
2025-04-08,SOYBEAN MEAL,-94953,291.0
2025-04-08,SOYBEAN OIL,32457,0.4494
2025-04-08,SOYBEANS,-27334,9.9275
2025-04-08,WHEAT-SRW,-90724,5.4
2025-04-15,CORN,145154,4.8125
2025-04-15,SOYBEAN MEAL,-66571,294.2
2025-04-15,SOYBEAN OIL,44541,0.4733
2025-04-15,SOYBEANS,43348,10.36
2025-04-15,WHEAT-SRW,-86238,5.42
2025-04-22,CORN,132414,4.7575
2025-04-22,SOYBEAN MEAL,-69922,291.9
2025-04-22,SOYBEAN OIL,55672,0.4758
2025-04-22,SOYBEANS,53245,10.35
2025-04-22,WHEAT-SRW,-81861,5.355
2025-04-29,CORN,86129,4.605
2025-04-29,SOYBEAN MEAL,-94321,290.5
2025-04-29,SOYBEAN OIL,64035,0.4885
2025-04-29,SOYBEANS,58928,10.41
2025-04-29,WHEAT-SRW,-112216,5.0575
2025-05-06,CORN,29019,4.475
2025-05-06,SOYBEAN MEAL,-98521,286.1
2025-05-06,SOYBEAN OIL,57796,0.4798
2025-05-06,SOYBEANS,41728,10.3475
2025-05-06,WHEAT-SRW,-105936,5.19
2025-05-13,CORN,-64272,4.36
2025-05-13,SOYBEAN MEAL,-98106,285.9
2025-05-13,SOYBEAN OIL,66654,0.511
2025-05-13,SOYBEANS,55667,10.6725
2025-05-13,WHEAT-SRW,-120541,5.015
2025-05-20,CORN,-95483,4.545
2025-05-20,SOYBEAN MEAL,-101810,292.6
2025-05-20,SOYBEAN OIL,55596,0.495
2025-05-20,SOYBEANS,31330,10.53
2025-05-20,WHEAT-SRW,-100541,5.46
2025-05-27,CORN,-90149,4.595
2025-05-27,SOYBEAN MEAL,-90778,296.3
2025-05-27,SOYBEAN OIL,54578,0.4957
2025-05-27,SOYBEANS,60919,10.625
2025-05-27,WHEAT-SRW,-93855,5.285
2025-06-03,CORN,-133979,4.385
2025-06-03,SOYBEAN MEAL,-93670,294.5
2025-06-03,SOYBEAN OIL,33834,0.4681
2025-06-03,SOYBEANS,34604,10.4075
2025-06-03,WHEAT-SRW,-94543,5.36
2025-06-10,CORN,-150143,4.3875
2025-06-10,SOYBEAN MEAL,-83992,295.9
2025-06-10,SOYBEAN OIL,26194,0.4779
2025-06-10,SOYBEANS,35071,10.5775
2025-06-10,WHEAT-SRW,-87669,5.345
2025-06-17,CORN,-169072,4.315
2025-06-17,SOYBEAN MEAL,-100608,285.1
2025-06-17,SOYBEAN OIL,44355,0.5479
2025-06-17,SOYBEANS,62289,10.74
2025-06-17,WHEAT-SRW,-74256,5.49
2025-06-24,CORN,-175396,4.1625
2025-06-24,SOYBEAN MEAL,-106236,280.5
2025-06-24,SOYBEAN OIL,43775,0.5217
2025-06-24,SOYBEANS,35396,10.4675
2025-06-24,WHEAT-SRW,-63868,5.3575
2025-07-01,CORN,-189540,4.2
2025-07-01,SOYBEAN MEAL,-125872,269.2
2025-07-01,SOYBEAN OIL,39126,0.5376
2025-07-01,SOYBEANS,13901,10.2475
2025-07-01,WHEAT-SRW,-63414,5.3725
2025-07-08,CORN,-179287,4.11
2025-07-08,SOYBEAN MEAL,-125090,267.2
2025-07-08,SOYBEAN OIL,37223,0.5411
2025-07-08,SOYBEANS,7184,10.2425
2025-07-08,WHEAT-SRW,-57593,5.43
2025-07-15,CORN,-159044,4.0125
2025-07-15,SOYBEAN MEAL,-125436,265.3
2025-07-15,SOYBEAN OIL,41621,0.5456
2025-07-15,SOYBEANS,-17192,9.95
2025-07-15,WHEAT-SRW,-63034,5.38
2025-07-22,CORN,-150763,3.9925
2025-07-22,SOYBEAN MEAL,-124621,273.8
2025-07-22,SOYBEAN OIL,54184,0.5563
2025-07-22,SOYBEANS,9109,10.1025
2025-07-22,WHEAT-SRW,-53989,5.495
2025-07-29,CORN,-150944,3.8925
2025-07-29,SOYBEAN MEAL,-127378,261.7
2025-07-29,SOYBEAN OIL,62108,0.5754
2025-07-29,SOYBEANS,-24772,9.8175
2025-07-29,WHEAT-SRW,-66880,5.2975
2025-08-05,CORN,-135846,3.815
2025-08-05,SOYBEAN MEAL,-131277,273.6
2025-08-05,SOYBEAN OIL,53714,0.5384
2025-08-05,SOYBEANS,-53594,9.69
2025-08-05,WHEAT-SRW,-82957,5.0825
2025-08-12,CORN,-142339,3.715
2025-08-12,SOYBEAN MEAL,-109584,278.4
2025-08-12,SOYBEAN OIL,44990,0.533
2025-08-12,SOYBEANS,-26223,10.1175
2025-08-12,WHEAT-SRW,-91874,5.05
2025-08-19,CORN,-114637,3.795
2025-08-19,SOYBEAN MEAL,-89093,287.4
2025-08-19,SOYBEAN OIL,32877,0.5168
2025-08-19,SOYBEANS,-1753,10.13
2025-08-19,WHEAT-SRW,-100166,4.985
2025-08-26,CORN,-110935,3.875
2025-08-26,SOYBEAN MEAL,-61793,297.2
2025-08-26,SOYBEAN OIL,28303,0.5276
2025-08-26,SOYBEANS,19145,10.2875
2025-08-26,WHEAT-SRW,-82859,5.095
2025-09-02,CORN,-95197,4.03
2025-09-02,SOYBEAN MEAL,-84923,275.5
2025-09-02,SOYBEAN OIL,14922,0.5197
2025-09-02,SOYBEANS,11416,10.2575
2025-09-02,WHEAT-SRW,-83276,5.13
2025-09-09,CORN,-99593,4.0125
2025-09-09,SOYBEAN MEAL,-85499,291.7
2025-09-09,SOYBEAN OIL,4414,0.497
2025-09-09,SOYBEANS,-13382,10.115
2025-09-09,WHEAT-SRW,-93287,5.0075
2025-09-16,CORN,-81497,4.295
2025-09-16,SOYBEAN MEAL,-81028,285.8
2025-09-16,SOYBEAN OIL,17913,0.5269
2025-09-16,SOYBEANS,188,10.4975
2025-09-16,WHEAT-SRW,-85799,5.34
2025-09-23,CORN,-97323,4.2625
2025-09-23,SOYBEAN MEAL,-92862,275.1
2025-09-23,SOYBEAN OIL,1810,0.4935
2025-09-23,SOYBEANS,-24742,10.12
2025-09-23,WHEAT-SRW,-97295,5.205
2025-09-30,CORN,-129357,4.155
2025-09-30,SOYBEAN MEAL,-111470,265.7
2025-09-30,SOYBEAN OIL,-707,0.4887
2025-09-30,SOYBEANS,-31593,10.0175
2025-09-30,WHEAT-SRW,-96239,5.08
2025-10-07,CORN,-134612,4.1975
2025-10-07,SOYBEAN MEAL,-112292,268.9
2025-10-07,SOYBEAN OIL,6683,0.5053
2025-10-07,SOYBEANS,3901,10.22
2025-10-07,WHEAT-SRW,-95400,5.0675
2025-10-14,CORN,-187992,4.13
2025-10-14,SOYBEAN MEAL,-118473,267.0
2025-10-14,SOYBEAN OIL,3934,0.4992
2025-10-14,SOYBEANS,2626,10.065
2025-10-14,WHEAT-SRW,-110883,5.0025
2025-10-21,CORN,-159272,4.1975
2025-10-21,SOYBEAN MEAL,-95745,286.9
2025-10-21,SOYBEAN OIL,1446,0.5065
2025-10-21,SOYBEANS,37493,10.3075
2025-10-21,WHEAT-SRW,-107377,5.0025
2025-10-28,CORN,-82925,4.32
2025-10-28,SOYBEAN MEAL,-51144,306.5
2025-10-28,SOYBEAN OIL,-118,0.5026
2025-10-28,SOYBEANS,120019,10.7825
2025-10-28,WHEAT-SRW,-73331,5.29
2025-11-04,CORN,-66241,4.315
2025-11-04,SOYBEAN MEAL,4301,317.4
2025-11-04,SOYBEAN OIL,-22682,0.4953
2025-11-04,SOYBEANS,185066,11.0825
2025-11-04,WHEAT-SRW,-68740,5.5025
2025-11-10,CORN,-37350,4.2975
2025-11-10,SOYBEAN MEAL,19564,320.0
2025-11-10,SOYBEAN OIL,-25880,0.5058
2025-11-10,SOYBEANS,203476,11.16
2025-11-10,WHEAT-SRW,-57911,5.3575
2025-11-18,CORN,48788,4.3675
2025-11-18,SOYBEAN MEAL,48326,327.0
2025-11-18,SOYBEAN OIL,-11408,0.5217
2025-11-18,SOYBEANS,233477,11.535
2025-11-18,WHEAT-SRW,-48099,5.465
2025-11-25,CORN,-6801,4.235
2025-11-25,SOYBEAN MEAL,58277,317.0
2025-11-25,SOYBEAN OIL,-20116,0.503
2025-11-25,SOYBEANS,225470,11.2475
2025-11-25,WHEAT-SRW,-56406,5.2725
2025-12-02,CORN,32335,4.38
2025-12-02,SOYBEAN MEAL,50586,308.6
2025-12-02,SOYBEAN OIL,-5809,0.5235
2025-12-02,SOYBEANS,227287,11.2475
2025-12-02,WHEAT-SRW,-46642,5.3775
2025-12-09,CORN,18736,4.4075
2025-12-09,SOYBEAN MEAL,18323,298.2
2025-12-09,SOYBEAN OIL,-8532,0.5073
2025-12-09,SOYBEANS,190125,10.8725
2025-12-09,WHEAT-SRW,-49035,5.3625
2025-12-16,CORN,-53366,4.365
2025-12-16,SOYBEAN MEAL,-4016,302.4
2025-12-16,SOYBEAN OIL,-35815,0.4836
2025-12-16,SOYBEANS,154974,10.6275
2025-12-16,WHEAT-SRW,-72079,5.095
2025-12-23,CORN,1792,4.475
2025-12-23,SOYBEAN MEAL,-18268,301.1
2025-12-23,SOYBEAN OIL,-62052,0.483
2025-12-23,SOYBEANS,112261,10.515
2025-12-23,WHEAT-SRW,-98174,5.17
2025-12-30,CORN,-22748,4.405
2025-12-30,SOYBEAN MEAL,-13194,296.7
2025-12-30,SOYBEAN OIL,-66972,0.4893
2025-12-30,SOYBEANS,90008,10.4625
2025-12-30,WHEAT-SRW,-97196,5.1075
2026-01-06,CORN,-12830,4.44
2026-01-06,SOYBEAN MEAL,-24193,294.7
2026-01-06,SOYBEAN OIL,-65816,0.49
2026-01-06,SOYBEANS,65807,10.42
2026-01-06,WHEAT-SRW,-109483,5.105
2026-01-13,CORN,-90658,4.1975
2026-01-13,SOYBEAN MEAL,-21035,286.4
2026-01-13,SOYBEAN OIL,-54092,0.5078
2026-01-13,SOYBEANS,19985,10.2325
2026-01-13,WHEAT-SRW,-108247,5.105
2026-01-20,CORN,-95867,4.2375
2026-01-20,SOYBEAN MEAL,-42806,291.6
2026-01-20,SOYBEAN OIL,-26402,0.5256
2026-01-20,SOYBEANS,14624,10.53
2026-01-20,WHEAT-SRW,-113560,5.1025
2026-01-27,CORN,-81596,4.265
2026-01-27,SOYBEAN MEAL,-35802,294.0
2026-01-27,SOYBEAN OIL,10547,0.5441
2026-01-27,SOYBEANS,19794,10.6725
2026-01-27,WHEAT-SRW,-94047,5.2325
2026-02-03,CORN,-80613,4.285
2026-02-03,SOYBEAN MEAL,-25693,291.9
2026-02-03,SOYBEAN OIL,7266,0.5449
2026-02-03,SOYBEANS,29153,10.6575
2026-02-03,WHEAT-SRW,-81543,5.2875
2026-02-10,CORN,-57493,4.2875
2026-02-10,SOYBEAN MEAL,-17214,300.8
2026-02-10,SOYBEAN OIL,29458,0.5727
2026-02-10,SOYBEANS,115896,11.225
2026-02-10,WHEAT-SRW,-85832,5.2825
2026-02-17,CORN,-42313,4.2625
2026-02-17,SOYBEAN MEAL,-3144,305.8
2026-02-17,SOYBEAN OIL,36709,0.5729
2026-02-17,SOYBEANS,158981,11.34
2026-02-17,WHEAT-SRW,-69567,5.3775
2026-02-24,CORN,-13234,4.2775
2026-02-24,SOYBEAN MEAL,30401,310.7
2026-02-24,SOYBEAN OIL,57314,0.6003
2026-02-24,SOYBEANS,171392,11.395
2026-02-24,WHEAT-SRW,-17758,5.675
2026-03-03,CORN,52243,4.3425
2026-03-03,SOYBEAN MEAL,59104,310.5
2026-03-03,SOYBEAN OIL,68193,0.6227
2026-03-03,SOYBEANS,187491,11.5575
2026-03-03,WHEAT-SRW,-25089,5.7225
2026-03-10,CORN,198804,4.3625
2026-03-10,SOYBEAN MEAL,77568,311.8
2026-03-10,SOYBEAN OIL,103882,0.6533
2026-03-10,SOYBEANS,211454,11.8725
2026-03-10,WHEAT-SRW,-21246,5.8475
2026-03-17,CORN,230888,4.54
2026-03-17,SOYBEAN MEAL,80912,311.7
2026-03-17,SOYBEAN OIL,119610,0.6597
2026-03-17,SOYBEANS,195221,11.57
2026-03-17,WHEAT-SRW,-11874,5.8975
2026-03-24,CORN,279630,4.625
2026-03-24,SOYBEAN MEAL,106257,322.4
2026-03-24,SOYBEAN OIL,118496,0.6573
2026-03-24,SOYBEANS,191350,11.55
2026-03-24,WHEAT-SRW,-994,5.9
2026-03-31,CORN,257952,4.5775
2026-03-31,SOYBEAN MEAL,98882,316.4
2026-03-31,SOYBEAN OIL,129956,0.6888
2026-03-31,SOYBEANS,204008,11.71
2026-03-31,WHEAT-SRW,7781,6.1625
2026-04-07,CORN,210976,4.49
2026-04-07,SOYBEAN MEAL,91543,311.8
2026-04-07,SOYBEAN OIL,148357,0.6972
2026-04-07,SOYBEANS,181305,11.5825
2026-04-07,WHEAT-SRW,-4382,5.98
2026-04-14,CORN,152618,4.43
2026-04-14,SOYBEAN MEAL,131556,329.7
2026-04-14,SOYBEAN OIL,150217,0.6644
2026-04-14,SOYBEANS,168081,11.58
2026-04-14,WHEAT-SRW,-5550,5.92
2026-04-21,CORN,182213,4.5375
2026-04-21,SOYBEAN MEAL,118063,325.3
2026-04-21,SOYBEAN OIL,167943,0.7214
2026-04-21,SOYBEANS,187573,11.745
2026-04-21,WHEAT-SRW,-8384,6.05
2026-04-28,CORN,265572,4.6525
2026-04-28,SOYBEAN MEAL,121059,333.4
2026-04-28,SOYBEAN OIL,164339,0.7338
2026-04-28,SOYBEANS,176910,11.73
2026-04-28,WHEAT-SRW,11725,6.49
2026-05-05,CORN,344641,4.655
2026-05-05,SOYBEAN MEAL,112236,322.6
2026-05-05,SOYBEAN OIL,166959,0.784
2026-05-05,SOYBEANS,213514,11.9575
2026-05-05,WHEAT-SRW,-9033,6.165
2026-05-12,CORN,295620,4.6725
2026-05-12,SOYBEAN MEAL,116163,332.9
2026-05-12,SOYBEAN OIL,159537,0.763
2026-05-12,SOYBEANS,208023,12.135
2026-05-12,WHEAT-SRW,-18484,6.65
2026-05-19,CORN,293342,4.7525
2026-05-19,SOYBEAN MEAL,129611,332.3
2026-05-19,SOYBEAN OIL,154276,0.7544
2026-05-19,SOYBEANS,198037,12.095
2026-05-19,WHEAT-SRW,-3089,6.6725
2026-05-26,CORN,211337,4.575
2026-05-26,SOYBEAN MEAL,123593,328.6
2026-05-26,SOYBEAN OIL,139779,0.7436
2026-05-26,SOYBEANS,184229,11.86
2026-05-26,WHEAT-SRW,-16154,6.355
2026-06-02,CORN,120136,4.405
2026-06-02,SOYBEAN MEAL,127232,326.2
2026-06-02,SOYBEAN OIL,150595,0.7841
2026-06-02,SOYBEANS,155780,11.6525
2026-06-02,WHEAT-SRW,-54640,6.03
2026-06-09,CORN,-1306,4.195
2026-06-09,SOYBEAN MEAL,55447,301.1
2026-06-09,SOYBEAN OIL,128746,0.7491
2026-06-09,SOYBEANS,97859,11.1375
2026-06-09,WHEAT-SRW,-77593,5.8525
2026-06-16,CORN,-49487,4.1375
2026-06-16,SOYBEAN MEAL,19460,304.8
2026-06-16,SOYBEAN OIL,122424,0.7292
2026-06-16,SOYBEANS,54494,11.3
2026-06-16,WHEAT-SRW,-68968,5.96
2026-06-23,CORN,-74819,4.0975
2026-06-23,SOYBEAN MEAL,12359,302.9
2026-06-23,SOYBEAN OIL,103206,0.7059
2026-06-23,SOYBEANS,36986,11.17
2026-06-23,WHEAT-SRW,-70433,5.8675
2026-06-30,CORN,-66996,4.1275
2026-06-30,SOYBEAN MEAL,4740,304.7
2026-06-30,SOYBEAN OIL,91946,0.6674
2026-06-30,SOYBEANS,38149,11.1675
2026-06-30,WHEAT-SRW,-67561,5.8075
2026-07-07,CORN,-14999,4.425
2026-07-07,SOYBEAN MEAL,18722,318.4
2026-07-07,SOYBEAN OIL,84919,0.6879
2026-07-07,SOYBEANS,69579,11.9675
2026-07-07,WHEAT-SRW,-60432,6.0925
2026-07-14,CORN,11361,4.3375
2026-07-14,SOYBEAN MEAL,46576,319.6
2026-07-14,SOYBEAN OIL,107945,0.7304
2026-07-14,SOYBEANS,75191,12.0725
2026-07-14,WHEAT-SRW,-34887,6.3125
2026-07-21,CORN,56713,4.5275
2026-07-21,SOYBEAN MEAL,73476,326.7
2026-07-21,SOYBEAN OIL,120246,0.743
2026-07-21,SOYBEANS,130505,12.195
2026-07-21,WHEAT-SRW,-18399,6.78
2026-07-28,CORN,126776,4.585
2026-07-28,SOYBEAN MEAL,87696,320.3
2026-07-28,SOYBEAN OIL,107898,0.7076
2026-07-28,SOYBEANS,160479,12.12
2026-07-28,WHEAT-SRW,-8163,6.625
2026-08-04,CORN,144821,4.4225
2026-08-04,SOYBEAN MEAL,77830,310.6
2026-08-04,SOYBEAN OIL,79033,0.6818
2026-08-04,SOYBEANS,132524,11.55
2026-08-04,WHEAT-SRW,-24870,6.385
2026-08-11,CORN,125875,4.3675
2026-08-11,SOYBEAN MEAL,73690,303.4
2026-08-11,SOYBEAN OIL,79284,0.6845
2026-08-11,SOYBEANS,109109,11.475
2026-08-11,WHEAT-SRW,-33400,6.3025
2026-08-18,CORN,181692,4.6325
2026-08-18,SOYBEAN MEAL,83315,313.0
2026-08-18,SOYBEAN OIL,91233,0.6969
2026-08-18,SOYBEANS,151782,12.0075
2026-08-18,WHEAT-SRW,-25328,6.645
2026-08-25,CORN,317448,5.005
2026-08-25,SOYBEAN MEAL,95953,320.3
2026-08-25,SOYBEAN OIL,85116,0.6752
2026-08-25,SOYBEANS,200679,12.28
2026-08-25,WHEAT-SRW,-13597,6.855
2026-09-01,CORN,401003,5.215
2026-09-01,SOYBEAN MEAL,157179,342.0
2026-09-01,SOYBEAN OIL,99823,0.7237
2026-09-01,SOYBEANS,234920,13.0675
2026-09-01,WHEAT-SRW,14904,7.64
2026-09-08,CORN,414459,5.11
2026-09-08,SOYBEAN MEAL,157689,341.8
2026-09-08,SOYBEAN OIL,91711,0.7018
2026-09-08,SOYBEANS,257258,13.025
2026-09-08,WHEAT-SRW,4873,7.3025
2026-09-15,CORN,414460,5.3575
2026-09-15,SOYBEAN MEAL,183111,360.1
2026-09-15,SOYBEAN OIL,101480,0.6988
2026-09-15,SOYBEANS,241501,13.1875
2026-09-15,WHEAT-SRW,-3674,7.285
2026-09-22,CORN,404097,5.3675
2026-09-22,SOYBEAN MEAL,191087,368.9
2026-09-22,SOYBEAN OIL,92137,0.6737
2026-09-22,SOYBEANS,265159,13.255
2026-09-22,WHEAT-SRW,-12016,7.1725
2026-09-29,CORN,381220,5.22
2026-09-29,SOYBEAN MEAL,207578,360.1
2026-09-29,SOYBEAN OIL,83564,0.6785
2026-09-29,SOYBEANS,246558,12.9775
2026-09-29,WHEAT-SRW,-22109,6.9275
